fold,best_val_auroc,test_auroc,test_auprc,epochs_trained
1,0.5185056868237926,0.5024580108012766,0.2455887759005311,17
2,0.5463805379746836,0.5184798519623277,0.25365356738658795,14
3,0.5270641043302566,0.5055227289824447,0.2594249228209644,18
