fold,best_val_auroc,test_auroc,test_auprc,epochs_trained
1,0.5192857072151886,0.4984009832043205,0.24106300959994637,8
2,0.5316159018987342,0.5148789521977027,0.26041925786962994,14
3,0.5116120218579235,0.5070317255151378,0.26090751969693204,12
