train_loss,train_auroc,val_loss,val_auroc,val_auprc
0.8200711701901076,0.48674244468215455,0.7051311170097685,0.5192857072151886,0.27264595706854644
0.7841194134992562,0.5102951025732995,0.6896089759186237,0.499226908723756,0.2711122858897118
0.7739851369951467,0.5019627479423444,0.6663296694013034,0.4921275353137404,0.27130321261251
0.7588693093189532,0.5107931298267221,0.677888380785058,0.49896360234798015,0.2777214808769421
0.75209794073697,0.5035645927698758,0.6878444972989622,0.5112301159141978,0.2793122984710263
0.7341243480410126,0.5163326910929619,0.6935850380400962,0.5117072349860923,0.2787245713387908
0.734420431331035,0.5110653148935225,0.7131807106544792,0.5118062223454065,0.2856880068887107
0.7317953807562264,0.5090759039242262,0.6952725135496933,0.5065173277372479,0.28141415780891743
