method,auroc_diff,cohens_d,interpretation
macenko,-0.0030383365072275126,-0.450336644206859,Small
vahadane,-0.000707487804471052,-0.08565952529888225,Negligible
reinhard,0.0007918600285986566,0.107142762338669,Negligible
