metric,raw_mean,raw_std,macenko_mean,macenko_std,vahadane_mean,vahadane_std,reinhard_mean,reinhard_std
AUROC,0.5067705536390537,0.008242088545894142,0.5037322171318261,0.008284103922264066,0.5060630658345826,0.011692567566675886,0.5075624136676523,0.00979465783335437
AUPRC,0.25412992905550275,0.011318917260343377,0.24993724606980083,0.0035851377035512715,0.2540279825923261,0.01521031425994774,0.2501728943736035,0.007317090987474752
