version,f_statistic,p_value,eta_squared,reject_h0
v1,446.4589740606424,1.9468567616240046e-170,0.22954673081280227,True
v2,377.3537567818559,6.807195074704438e-147,0.20116373966658627,True
