fold,scanner,auroc_v1,auroc_v2,diff,ci_v1_lower,ci_v1_upper,ci_v2_lower,ci_v2_upper
fold1,Hamamatsu-XR,0.5024580108012766,0.4984009832043205,-0.0040570275969560865,0.4736781810781003,0.5288610926932125,0.47114796187604857,0.5256867061183137
fold2,Hamamatsu-S360,0.5184798519623277,0.5148789521977027,-0.003600899764624965,0.49437095481712395,0.5417147761109552,0.49106554757612597,0.5395374462132686
fold3,Aperio-CS2,0.5055227289824447,0.5070317255151378,0.0015089965326930965,0.4797414746325059,0.5294892325949763,0.48153751204663864,0.5333238842934647
